chr_5p,bkpos_5p,strand_5p,chr_3p,bkpos_3p,strand_3p,cn
chr11,2959036,+,chr11,2959220,+,7
chr11,31108030,+,chr11,31398730,+,15
chr11,32937639,+,chr11,32937943,+,7
chr11,76510830,+,chr11,76517264,+,6
chr11,78316776,+,chr11,79584867,+,8
chr11,79675148,+,chr11,79684121,+,36
chr11,78314575,-,chr11,79607397,+,7
chr11,24573529,+,chr11,29105751,-,11
chr11,25870754,+,chr11,69325271,-,11
chr11,56791854,+,chr11,71011253,-,15
chr11,58768607,+,chr11,71014892,-,64
chr11,64441969,+,chr11,77504168,-,9
chr11,66953449,+,chr11,77823601,-,15
chr11,69422829,+,chr11,70931919,-,52
chr11,69477120,+,chr11,78387700,-,15
chr11,70960281,+,chr11,76709908,-,19
chr11,24388852,-,chr11,69358636,+,6
chr11,29843798,-,chr11,57064711,+,19
chr11,56086543,-,chr11,76243542,+,97
chr11,57653040,-,chr11,57656446,+,7
chr11,65265451,-,chr11,65266813,+,7
chr11,66713607,-,chr11,72163893,+,34
chr11,68731535,-,chr11,68732777,+,31
chr11,24393159,+,chr11,25852446,+,10
chr11,25851937,+,chr11,29599833,+,12
chr11,26164396,+,chr11,56009408,+,8
chr11,33227746,+,chr11,73036973,+,19
chr11,46742805,+,chr11,46743607,+,25
chr11,57064295,+,chr11,69280789,+,11
chr11,57067867,+,chr11,57251103,+,18
chr11,64790095,+,chr11,68024825,+,6
chr11,68864017,+,chr11,78401209,+,57
chr11,69709574,+,chr11,70485045,+,17
chr11,76450472,+,chr11,78229218,+,17
